Strategy,status,n_obs,alpha_monthly,alpha_annualized,alpha_tstat,beta_mkt_rf,beta_smb,beta_hml,beta_rmw,beta_cma,mean_monthly_return,mean_monthly_excess_return,r_squared
gap_top_10pct,ok,108,0.002458334227978476,0.029902162236710383,1.4604521185834147,1.0416209209444907,0.15981600290221068,0.11886426027877647,0.18878596251460225,0.10983596637143361,0.01472277663104623,0.01273666551993512,0.9053447701955786
gap_top_20pct,ok,108,0.0006711362607434764,0.008083429710643353,0.4659669887999712,1.0312684248634858,0.24106778438780976,0.2121855472075967,0.25676354540864404,0.10185578601410858,0.01280604805838398,0.010819936947272872,0.9326566356924748
gap_top_30pct,ok,108,-0.000978740625756989,-0.011681869728532357,-0.7796170448053935,1.0186209891069486,0.25358848216276264,0.23965066909569457,0.2544427833355259,0.08206719160649444,0.010987511464748983,0.009001400353637876,0.947775138956021
gap_top_5pct,ok,108,0.000872760525616255,0.01052354577078396,0.43008759981367556,1.0112057710076205,0.08001642183140108,-0.03979518584224041,0.29758267212157624,0.10411305579790686,0.013448701162908024,0.011462590051796916,0.855745832899302
