Strategy,status,n_obs,alpha_monthly,alpha_annualized,alpha_tstat,beta_mkt_rf,beta_smb,beta_hml,beta_rmw,beta_cma,mean_monthly_return,mean_monthly_excess_return,r_squared
gap_top_10pct,ok,108,0.019583060036610082,0.26203481223352254,3.4545970158075288,1.24387939354131,-0.0912366783646439,-0.12145603259194582,0.07559729376249927,-0.2143487077797891,0.034294943010855214,0.0323088318997441,0.5369621410540513
gap_top_20pct,ok,108,0.010063294430919332,0.1276727093813106,2.6755978175478603,1.222837819601407,0.009709319142764758,-0.0646087435881553,0.004045823780536994,-0.14802277321170518,0.024073794196757235,0.022087683085646126,0.7177544947334835
gap_top_30pct,ok,108,0.007400882609455711,0.0925162974621363,2.380212314298497,1.1162455618761011,0.11112060103859453,-0.03261297817080324,0.011775423862869604,-0.09321431162739528,0.02013426029917949,0.01814814918806838,0.7603839888069306
gap_top_5pct,ok,108,0.014487856083136817,0.1883988755087873,2.8044574882288678,1.2624296844258713,-0.0019993027708697193,-0.25118758947540687,0.21271289293975051,-0.5012123862616976,0.029789310486260923,0.027803199375149815,0.6253641590974386
